<?xml version="1.0" encoding="utf-8"?>

<extension type="component" version="3.0" method="upgrade">

	<name>COM_MYCOMP</name>
	<author>Sourabh Bute</author>
	<version>1.0.0</version>
    <description>COM_MYCOMP_DESC</description>


  <media destination="com_mycomp" folder="media" >
          <folder>images</folder>
          <folder>css</folder>
          <folder>js</folder>
          <filename>index.html</filename>
  </media>


    <files folder="site">
      <!--   <folder>com_mycomp</folder> -->
        <filename>index.html</filename>
        <filename>mycomp.php</filename>
        <filename>default.xml</filename>
        <filename>controller.php</filename>
        
    </files>

    <install>
          <sql>
             <file driver="mysql" charset="utf8">install.sql</file>

          </sql>

    </install>
    <update>
           <sql>
              <file driver="mysql" charset="utf8">update.sql</file>
           </sql>

    </update>

    <uninstall>
            <sql>
              <file driver="mysql" charset="utf8">uninstall.sql</file>
            </sql>

    </uninstall>




    <administration>
        <!-- Administration Menu Section -->
           <menu link="index.php?option=com_mycom" 
            img="com_mycom/images/help-icon.png">COM_MYCOMP_MENU</menu>

           <submenu>
               <menu link='option=com_mycomp&amp;task=create' img="com_mycom/images/create-icon.png">COM_MYCOM_MENU_CREATE</menu>

               <menu link='option=com_mycomp&amp;task=listtask' img="../media/com_mycom/images/list-icon.png">
                COM_MYCOM_MENU_LISTTASK</menu>


                <menu link='option=com_mycomp&amp;task=help' img="../media/com_mycom/images/help-icon.png">
                   COM_MYCOMP_MENU_HELP</menu> 


           </submenu>
        
        <files folder="admin">
            <!-- Admin Main File Copy Section -->

           <!--  <folder>com_mycomp</folder> -->
            <filename>index.html</filename>
            <filename>mycomp.php</filename>
            <filename>controller.php</filename>
            <filename>install.sql</filename>
            <filename>update.sql</filename>
            <filename>uninstall.sql</filename>
            
        </files>

        <languages folder="admin/language">
            <language tag="en-GB">en-GB/en-GB.com_mycomp.ini</language>
            <language tag="en-GB">en-GB/en-GB.com_mycomp.sys.ini</language>



        </languages>
    </administration>


</extension>